title;year;genre;age_rating;platform;file
WALL-E;2008;Animation;5;Disney+;mp4
Waitress;2007;Romance;13;Netflix;temporary access
Waiting For Forever;2011;Romance;13;Netflix;temporary access
Valentine's Day;2010;Comedy;13;Netflix;temporary access
Tyler Perry's Why Did I get Married;2007;Romance;13;Netflix;temporary access
Twilight: Breaking Dawn;2011;Romance;13;Amazon;mp4
Twilight;2008;Romance;13;Netflix;temporary access
The Ugly Truth;2009;Comedy;16;Amazon;mp4
The Twilight Saga: New Moon;2009;Drama;13;Amazon;mp4
The Time Traveler's Wife;2009;Drama;13;Netflix;temporary access
The Proposal;2009;Comedy;13;Amazon;mp4
Gnomeo and Juliet;2011;Animation;5;Amazon;mp4
Ghosts of Girlfriends Past;2009;Comedy;13;Netflix;temporary access
Four Christmases;2008;Comedy;13;Amazon;mp4
Fireproof;2008;Drama;10;Amazon;mp4
Enchanted;2007;Comedy;7;Disney+;mp4
Dear John;2010;Drama;13;Amazon;mp4
Beginners;2011;Comedy;16;Netflix;temporary access
Across the Universe;2007;romance;13;Amazon;mp4
A Serious Man;2009;Drama;16;Netflix;temporary access
A Dangerous Method;2011;Drama;16;Netflix;temporary access
27 Dresses;2008;Comedy;13;Netflix;temporary access
(500) Days of Summer;2009;comedy;13;Netflix;temporary access
White Chicks;2004;comedy;16;Netflix;temporary access
The Bourne Identity;2002;Action;13;Netflix;activation code
